mean,std,score
0.9114019544425405,0.0021549425694119997,accuracy
0.8975325796448089,0.001595587227260771,balanced_accuracy
0.6598224926318583,0.007029618321157298,precision
0.8774864296716025,0.0028885207525052637,recall
0.8975325796448089,0.0015955872272607832,auc
0.711138607745043,0.004969662399005236,mcc
0.7532189193121968,0.004447779273827996,f1
