mean,std,score
0.9772030956189999,0.00097705342149189,accuracy
0.9769002884860715,0.0009932440930553958,balanced_accuracy
0.9823722997797557,0.0007513278205255009,precision
0.969781966176716,0.0014049260506784832,recall
0.9769002884860715,0.000993244093055421,auc
0.954372140052852,0.001952311035731014,mcc
0.9760363171829531,0.0010356602910811528,f1
