mean,std,score
0.8417188889102084,0.003180573616516779,accuracy
0.8395874372574161,0.0032213884287904714,balanced_accuracy
0.8679538501149041,0.0033348652328626916,precision
0.7894817195187664,0.004557958198829803,recall
0.8395874372574161,0.0032213884287905074,auc
0.6842909053209061,0.006349532006173996,mcc
0.8268559815130899,0.0036450498561957484,f1
