mean,std,score
0.8603886969883856,0.0012053940116767137,accuracy
0.6476625505532896,0.0027724294253520594,balanced_accuracy
0.5800204034500995,0.007175219097483482,precision
0.3401980839353788,0.005834755746642944,recall
0.6476625505532896,0.0027724294253520377,auc
0.371863503066476,0.005713185108586732,mcc
0.4288244007675594,0.005447143717502249,f1
