mean,std,score
0.9783337048829541,0.0008966034870298801,accuracy
0.9720989008407424,0.0008528109639870139,balanced_accuracy
0.9027961396878499,0.004512176685825056,precision
0.96308740273115,0.001041149837574938,recall
0.9720989008407424,0.0008528109639870454,auc
0.9197768996872195,0.0031139882810207495,mcc
0.9319627803154584,0.0026658438822392406,f1
