mean,std,score
0.8173941273176988,0.002292666402681536,accuracy
0.6667498607075709,0.005900036674044779,balanced_accuracy
0.41446790683903634,0.006929349173820521,precision
0.449015706044519,0.012288266392747462,recall
0.6667498607075708,0.005900036674044782,auc
0.32286198361698243,0.009952526163187094,mcc
0.43101282360718524,0.008813282265377954,f1
