mean,std,score
0.8732256676557,0.002049849500229566,accuracy
0.8701921517805159,0.001878520420823645,balanced_accuracy
0.8869815560835874,0.0027127424526306072,precision
0.8310042083637923,0.002901240115930792,recall
0.8701921517805159,0.0018785204208236394,auc
0.745038303107376,0.0037702092307213813,mcc
0.8580759831868059,0.001805656472839656,f1
