model,mean,std,rank,score
0,0.8732256676557,0.002049849500229566,1,accuracy
0,0.8701921517805159,0.001878520420823645,1,balanced_accuracy
0,0.8869815560835874,0.0027127424526306072,1,precision
0,0.8310042083637923,0.002901240115930792,1,recall
0,0.8701921517805159,0.0018785204208236394,1,auc
0,0.745038303107376,0.0037702092307213813,1,mcc
0,0.8580759831868059,0.001805656472839656,1,f1
