mean,std,score
0.8565412935464887,0.0018943229666959266,accuracy
0.8258973240226821,0.0018540949790707463,balanced_accuracy
0.49844612951372175,0.004193279231741404,precision
0.7830088027762476,0.002598443587935549,recall
0.8258973240226821,0.00185409497907076,auc
0.5466774379430573,0.0041322531711324596,mcc
0.609123815675047,0.0035488783950339887,f1
