mean,std,score
0.7791652269158837,0.002777751596938097,accuracy
0.623891056076127,0.002570106502068978,balanced_accuracy
0.2989648769654626,0.004333842034524314,precision
0.40657330339014885,0.005400259016643841,recall
0.623891056076127,0.0025701065020690057,auc
0.21915517590479835,0.004838509654446563,mcc
0.34453751518131837,0.003803590484859451,f1
