mean,std,score
0.8139160993410341,0.002140477942726517,accuracy
0.6211708995464518,0.0023986525590698328,balanced_accuracy
0.27035901341784163,0.0040966641305233455,precision
0.37145149630940083,0.004721308101295352,recall
0.6211708995464519,0.002398652559069806,auc
0.21192168501594405,0.004510975761618465,mcc
0.31292565429420816,0.00372708828074188,f1
