mean,std,score
0.8708585698922351,0.002162460187636408,accuracy
0.8383405675401332,0.0015101544359178193,balanced_accuracy
0.46176434431355995,0.00507289127779701,precision
0.7962104627229564,0.0016996600836294605,recall
0.8383405675401332,0.0015101544359177935,auc
0.5411823881119304,0.004362253684035677,mcc
0.584513237580031,0.004158428157382454,f1
