mean,std,score
0.8462971750938675,0.001589218335151733,accuracy
0.839929539099386,0.001650880923459252,balanced_accuracy
0.8104593604045203,0.0021909755415316307,precision
0.8071784908963524,0.002290373245633155,recall
0.839929539099386,0.0016508809234592615,auc
0.6803126090707112,0.0032992262860333504,mcc
0.8088142104345362,0.0019747674132298536,f1
