mean,std,score
0.8055677208399337,0.002727607710281072,accuracy
0.6231918202929078,0.0016194699700578824,balanced_accuracy
0.2618002300942751,0.0036790795928847773,precision
0.3869068491486768,0.003900235288654572,recall
0.6231918202929078,0.0016194699700578814,auc
0.20922156631813543,0.003414230801399465,mcc
0.31226228440433157,0.002655493769580282,f1
