mean,std,score
0.8885256557523213,0.0015652510044436966,accuracy
0.8735258926287655,0.0015331622602901887,balanced_accuracy
0.8290700516539488,0.003096999815942829,precision
0.8301941708547622,0.0018807883622157914,recall
0.8735258926287655,0.0015331622602901718,auc
0.7467905477463431,0.0033032442280995643,mcc
0.8296302554796489,0.002283585903330007,f1
