mean,std,score
0.883126857601973,0.0014920823331303426,accuracy
0.8556031073269488,0.0007720138899215664,balanced_accuracy
0.4926695522042195,0.003861800922647797,precision
0.8199435221823427,0.0016752750443048878,recall
0.8556031073269488,0.0007720138899215466,auc
0.5765012970045358,0.0027808810079349654,mcc
0.6154950109265572,0.0027953509819639926,f1
