model,mean,std,rank,score
0,0.8885256557523213,0.0015652510044436966,1,accuracy
0,0.8735258926287655,0.0015331622602901887,1,balanced_accuracy
0,0.8290700516539488,0.003096999815942829,1,precision
0,0.8301941708547622,0.0018807883622157914,1,recall
0,0.8735258926287655,0.0015331622602901718,1,auc
0,0.7467905477463431,0.0033032442280995643,1,mcc
0,0.8296302554796489,0.002283585903330007,1,f1
