model,mean,std,score
0,0.9757701005106828,0.000395703893674794,accuracy
0,0.9785621928343907,0.00035118018319123945,balanced_accuracy
0,0.9420077464262014,0.0010112149567977683,precision
0,0.9866289700599756,0.0004102779250746658,recall
0,0.9785621928343907,0.00035118018319126986,auc
0,0.9461794796657224,0.0008632307849712256,mcc
0,0.9638019122530619,0.0005853916341746078,f1
