mean,std,score
0.5264544614514046,0.15701025163277038,accuracy
0.5441314197942227,0.10246450016514093,balanced_accuracy
0.5205008596812435,0.31128669470875314,precision
0.44028592389617033,0.26959810437466863,recall
,,auc
0.09550990774653771,0.17217841054003585,mcc
0.40799625482729523,0.2583986671893774,f1
