mean,std,score
0.6048972440774116,0.17254182154768055,accuracy
0.6157823206553626,0.13652129023602694,balanced_accuracy
0.5393834494819129,0.29255254968073047,precision
0.6907712533176955,0.20038868818780195,recall
,,auc
0.2407002311430732,0.2097423649366642,mcc
0.5603807377604697,0.2650525070369794,f1
