mean,std,score
0.6668987544033779,0.19190647184074813,accuracy
0.6770868574915225,0.1323947732336123,balanced_accuracy
0.5502600393766535,0.24881546033526272,precision
0.7444464871058651,0.19979987262364832,recall
0.6770868574915225,0.1323947732336123,auc
0.35990607833119753,0.2505938056630529,mcc
0.5912195046019094,0.25780615333073964,f1
