mean,std,score
0.4885537780680694,0.1713595592366138,accuracy
0.54308364642369,0.012387547910424323,balanced_accuracy
0.14584744518528225,0.015726654972612105,precision
0.6147193985129221,0.22518642254198462,recall
0.54308364642369,0.012387547910424321,auc
0.06380568433603988,0.015328835138613798,mcc
0.22725148853740737,0.01788518079022915,f1
