model,mean,std,rank,score
0,0.5471479125079867,0.2566629295226752,1,accuracy
0,0.5311201564664267,0.046542213187747886,1,balanced_accuracy
0,0.11844371242201375,0.07769126280311225,1,precision
0,0.5221330244126385,0.29758987780641055,1,recall
0,0.5311201564664269,0.04654221318774791,1,auc
0,0.025432213789276292,0.044803660701635266,1,mcc
0,0.17234133901319781,0.1066584614351217,1,f1
