,model_0_accuracy,model_0_balanced_accuracy,model_0_precision,model_0_recall,model_0_auc,model_0_mcc,model_0_f1,model_1_accuracy,model_1_balanced_accuracy,model_1_precision,model_1_recall,model_1_auc,model_1_mcc,model_1_f1,model_2_accuracy,model_2_balanced_accuracy,model_2_precision,model_2_recall,model_2_auc,model_2_mcc,model_2_f1,model_3_accuracy,model_3_balanced_accuracy,model_3_precision,model_3_recall,model_3_auc,model_3_mcc,model_3_f1,model_4_accuracy,model_4_balanced_accuracy,model_4_precision,model_4_recall,model_4_auc,model_4_mcc,model_4_f1,model_5_accuracy,model_5_balanced_accuracy,model_5_precision,model_5_recall,model_5_auc,model_5_mcc,model_5_f1,model_6_accuracy,model_6_balanced_accuracy,model_6_precision,model_6_recall,model_6_auc,model_6_mcc,model_6_f1,model_7_accuracy,model_7_balanced_accuracy,model_7_precision,model_7_recall,model_7_auc,model_7_mcc,model_7_f1,model_8_accuracy,model_8_balanced_accuracy,model_8_precision,model_8_recall,model_8_auc,model_8_mcc,model_8_f1,model_9_accuracy,model_9_balanced_accuracy,model_9_precision,model_9_recall,model_9_auc,model_9_mcc,model_9_f1
0,0.8765331301255533,0.8697859420838066,0.8979410457709969,0.9002079002079002,0.8697859420838066,0.7401082670897682,0.8990730441230997,0.8775491690253284,0.8705159706418683,0.8978276932170829,0.9022275022275023,0.8705159706418681,0.742083082357437,0.9000222205762536,0.8760251106756659,0.8685829565480783,0.8956742252233657,0.9021384021384021,0.8685829565480782,0.7387171682793467,0.898894692452244,0.8769867189200958,0.8689129321042033,0.894582379526912,0.9053163053163054,0.8689129321042033,0.7404462134583029,0.8999173358526217,0.8784382030626315,0.871573731258521,0.8988936875110927,0.9025245025245026,0.871573731258521,0.7440139694199773,0.9007054360068765,0.8766238478844619,0.8689883634768462,0.8955426014249543,0.9034155034155034,0.8689883634768462,0.7398777829690405,0.8994618250635756,0.8777306045431453,0.8705628985168292,0.8975759544125896,0.9028809028809028,0.8705628985168293,0.7423977439544093,0.9002206132752928,0.8780571884752159,0.8703646591970755,0.8963437950407389,0.9050490050490051,0.8703646591970755,0.7428434030135238,0.9006753661312014,0.8783293417519413,0.8709175193088277,0.897300642423528,0.9043362043362043,0.8709175193088277,0.7435343579976047,0.9008046861132477,0.8771318673343493,0.8696750232887508,0.8963748894783378,0.9032967032967033,0.8696750232887508,0.7410173896375212,0.8998224852071006
