mean,std,score
0.8033398341373599,0.0020769440497716333,accuracy
0.6216903004428119,0.0018782671297540856,balanced_accuracy
0.25817205995057646,0.002515665184577624,precision
0.3863463965400417,0.005426704421145074,recall
0.6216903004428119,0.001878267129754111,auc
0.20563824891558258,0.0028145636940266733,mcc
0.309490795831308,0.0023903931295896448,f1
