,model_0_accuracy,model_0_balanced_accuracy,model_0_precision,model_0_recall,model_0_auc,model_0_mcc,model_0_f1,model_1_accuracy,model_1_balanced_accuracy,model_1_precision,model_1_recall,model_1_auc,model_1_mcc,model_1_f1,model_2_accuracy,model_2_balanced_accuracy,model_2_precision,model_2_recall,model_2_auc,model_2_mcc,model_2_f1,model_3_accuracy,model_3_balanced_accuracy,model_3_precision,model_3_recall,model_3_auc,model_3_mcc,model_3_f1,model_4_accuracy,model_4_balanced_accuracy,model_4_precision,model_4_recall,model_4_auc,model_4_mcc,model_4_f1,model_5_accuracy,model_5_balanced_accuracy,model_5_precision,model_5_recall,model_5_auc,model_5_mcc,model_5_f1,model_6_accuracy,model_6_balanced_accuracy,model_6_precision,model_6_recall,model_6_auc,model_6_mcc,model_6_f1,model_7_accuracy,model_7_balanced_accuracy,model_7_precision,model_7_recall,model_7_auc,model_7_mcc,model_7_f1,model_8_accuracy,model_8_balanced_accuracy,model_8_precision,model_8_recall,model_8_auc,model_8_mcc,model_8_f1,model_9_accuracy,model_9_balanced_accuracy,model_9_precision,model_9_recall,model_9_auc,model_9_mcc,model_9_f1
0,0.8334015694302286,0.811417084157986,0.8618341472156266,0.6983422071636012,0.811417084157986,0.6514878633421805,0.7715219614579921,0.8336745138178097,0.8116377208015675,0.8625988430320334,0.6982938044530493,0.8116377208015675,0.6521102419310103,0.7717986612188125,0.8343227567383146,0.8123715064663225,0.8632616487455197,0.6994675701839304,0.8123715064663225,0.6534920713252219,0.7727807486631016,0.8337524979285471,0.8119984667602986,0.861185121236027,0.7001089060987415,0.8119984667602986,0.6521538216881949,0.7723380255368001,0.8333723253887021,0.8116407832516903,0.8604007676172625,0.6998668925459826,0.8116407832516903,0.6513117169943969,0.7718752710845384,0.8334698055271238,0.8114170915647503,0.8623282653869728,0.6979912875121007,0.8114170915647504,0.651668684337574,0.7715055740950038,0.8333187113125701,0.8112531675274182,0.8621344417199929,0.6977613746369796,0.8112531675274182,0.6513432548869653,0.7712875524999331,0.8337281278939416,0.8118165477423431,0.8620046550489376,0.6991166505324298,0.8118165477423431,0.6521705700756247,0.772062753902074,0.8332943412779646,0.8112682190599311,0.8618752334703026,0.6979791868344627,0.8112682190599311,0.6512717512549272,0.7713168187744459,0.8333187113125701,0.8114580168999053,0.8610117450664759,0.6990198451113262,0.8114580168999053,0.6512507967805702,0.7716052680789678
