mean,std,score
0.5433931538099083,0.15386946609296998,accuracy
0.5445506500509132,0.13502883744383468,balanced_accuracy
0.45689320844064446,0.25457802567765214,precision
0.503794317863683,0.2597615009366313,recall
0.5445506500509132,0.13502883744383468,auc
0.10203406904701808,0.21886993033171856,mcc
0.4270457558514836,0.2572820988696926,f1
