mean,std,score
0.5991337384377009,0.09415418114838997,accuracy
0.5657543991329359,0.08449765469145364,balanced_accuracy
0.6316958113945399,0.18636581020757267,precision
0.7029480757861494,0.1383847453898159,recall
0.5657543991329359,0.08449765469145365,auc
0.1357949578026258,0.1649792038036207,mcc
0.6536413968160133,0.15355972644661006,f1
