mean,std,score
0.8101803084841559,0.00221635787658316,accuracy
0.810180030723643,0.0022090842831833097,balanced_accuracy
0.8145436555069042,0.0025709615278533887,precision
0.8102021194237008,0.0039191300187915905,recall
0.810180030723643,0.002209084283183295,auc
0.6203315621283121,0.004426686813545988,mcc
0.8123603442461177,0.002353428810773784,f1
