,model_0_accuracy,model_0_balanced_accuracy,model_0_precision,model_0_recall,model_0_auc,model_0_mcc,model_0_f1,model_1_accuracy,model_1_balanced_accuracy,model_1_precision,model_1_recall,model_1_auc,model_1_mcc,model_1_f1,model_2_accuracy,model_2_balanced_accuracy,model_2_precision,model_2_recall,model_2_auc,model_2_mcc,model_2_f1,model_3_accuracy,model_3_balanced_accuracy,model_3_precision,model_3_recall,model_3_auc,model_3_mcc,model_3_f1,model_4_accuracy,model_4_balanced_accuracy,model_4_precision,model_4_recall,model_4_auc,model_4_mcc,model_4_f1,model_5_accuracy,model_5_balanced_accuracy,model_5_precision,model_5_recall,model_5_auc,model_5_mcc,model_5_f1,model_6_accuracy,model_6_balanced_accuracy,model_6_precision,model_6_recall,model_6_auc,model_6_mcc,model_6_f1,model_7_accuracy,model_7_balanced_accuracy,model_7_precision,model_7_recall,model_7_auc,model_7_mcc,model_7_f1
0,0.7614807133034245,0.7495208773663276,0.672695179119162,0.7024111675126904,0.7495208773663277,0.49491969016884296,0.6872320927070092,0.7796514642559236,0.7782545256332751,0.680149992021701,0.7727519941986947,0.7782545256332751,0.5446289966936743,0.7234999575659848,0.7886804788421219,0.782170242750122,0.7008145100344277,0.7565264684554025,0.782170242750122,0.5564853102024945,0.7276055969661305,0.77948238158577,0.77717755594416,0.6813637460130263,0.7680988639110466,0.7771775559441602,0.543092753931089,0.7221362119167671,0.7841828798160381,0.7817155218042535,0.6877523553162853,0.7719966159052454,0.7817155218042534,0.5523107556702836,0.7274435555049399,0.7765628874811191,0.7740722288915931,0.6778688963927748,0.7642615421803239,0.7740722288915932,0.5369984128469366,0.7184774889930406,0.7811168473972541,0.7783342666787418,0.6842601573445415,0.7673737007493353,0.7783342666787418,0.5457516953150582,0.7234375890161227,0.7826836801406768,0.7768614987558915,0.6914401307950231,0.7539279671259367,0.7768614987558915,0.5451403169785644,0.7213332755156613
