mean,std,score
0.5967494615551082,0.13268325589482724,accuracy
0.5900910299081563,0.10454277420549317,balanced_accuracy
0.5863090405999611,0.23532924545413406,precision
0.5963218492364092,0.17374363250016697,recall
0.5900910299081563,0.1045427742054932,auc
0.18612244808233766,0.18930956605073748,mcc
0.5613887690352056,0.21707081284968563,f1
