,model_0_accuracy,model_0_balanced_accuracy,model_0_precision,model_0_recall,model_0_auc,model_0_mcc,model_0_f1,model_1_accuracy,model_1_balanced_accuracy,model_1_precision,model_1_recall,model_1_auc,model_1_mcc,model_1_f1,model_2_accuracy,model_2_balanced_accuracy,model_2_precision,model_2_recall,model_2_auc,model_2_mcc,model_2_f1,model_3_accuracy,model_3_balanced_accuracy,model_3_precision,model_3_recall,model_3_auc,model_3_mcc,model_3_f1,model_4_accuracy,model_4_balanced_accuracy,model_4_precision,model_4_recall,model_4_auc,model_4_mcc,model_4_f1,model_5_accuracy,model_5_balanced_accuracy,model_5_precision,model_5_recall,model_5_auc,model_5_mcc,model_5_f1,model_6_accuracy,model_6_balanced_accuracy,model_6_precision,model_6_recall,model_6_auc,model_6_mcc,model_6_f1,model_7_accuracy,model_7_balanced_accuracy,model_7_precision,model_7_recall,model_7_auc,model_7_mcc,model_7_f1,model_8_accuracy,model_8_balanced_accuracy,model_8_precision,model_8_recall,model_8_auc,model_8_mcc,model_8_f1,model_9_accuracy,model_9_balanced_accuracy,model_9_precision,model_9_recall,model_9_auc,model_9_mcc,model_9_f1
0,0.85839520335938,0.8043189058046978,0.9178044280442804,0.6377564102564103,0.8043189058046978,0.679219611791312,0.752571860816944,0.8578973570856512,0.8027333388639313,0.9218414417779438,0.6328205128205128,0.8027333388639314,0.6785450762753445,0.7504656201299935,0.8591527955150544,0.8051579048586304,0.9194575145308608,0.6388461538461538,0.8051579048586304,0.6811139885522628,0.753886304323159,0.8591744410052166,0.8051899561406817,0.9194649446494465,0.6389102564102564,0.8051899561406817,0.6811637383630516,0.7539334341906203,0.8586116582610013,0.8050164797156938,0.9160396403009726,0.6399358974358974,0.8050164797156938,0.6795201041790487,0.7534908294965658,0.8590445680642438,0.8042435262674077,0.9231700502886944,0.6354487179487179,0.8042435262674078,0.6812869475739438,0.7527526767408307,0.8593476049265135,0.8051635705792296,0.9209211986681465,0.6382692307692308,0.8051635705792296,0.68171634651652,0.7539754656974103,0.8591311500248923,0.8047645033648662,0.9212379540400296,0.6373076923076924,0.8047645033648662,0.6812629333147483,0.7534101242800849,0.8597155782592697,0.8050328745869859,0.924415898724751,0.6366025641025641,0.8050328745869858,0.6829436981128247,0.7539763884143795,0.8607762072772138,0.8065719656499584,0.924916573971079,0.6396153846153846,0.8065719656499584,0.6853916126776579,0.7562528422010004
