mean,std,score
0.8799567320559779,0.011738658054235603,accuracy
0.8767003619291047,0.010332120347260026,balanced_accuracy
0.8978685794552449,0.007035425822431047,precision
0.8363749103177037,0.019458519910337646,recall
0.8767003619291047,0.010332120347260049,auc
0.7581224803790632,0.020746025302551752,mcc
0.865888167966593,0.010242228960509702,f1
