mean,std,score
0.6014651255381247,0.09086946849437243,accuracy
0.4908188585406966,0.017705797512730524,balanced_accuracy
0.19413617299845526,0.05327617999688875,precision
0.30113618092806954,0.1372993789176276,recall
0.4908188585406966,0.017705797512730555,auc
-0.01525799310103817,0.03238379569363638,mcc
0.22118956558585948,0.05209285518373399,f1
