mean,std,score
0.5060418112248857,0.15884775234199675,accuracy
0.5682019836866579,0.0824970039472423,balanced_accuracy
0.49472309360901556,0.32047935951172074,precision
0.3408607970930694,0.27854703713404194,recall
,,auc
0.07382577253862761,0.123432688750011,mcc
0.3046005400253539,0.21466298273521536,f1
