mean,std,score
0.9890935955114581,0.0005978280797203676,accuracy
0.9923480356861776,0.0003885446969103895,balanced_accuracy
0.9617810625167369,0.0021060862005951703,precision
0.999448154106951,0.00011072534884814635,recall
0.9923480356861776,0.00038854469691039885,auc
0.9730656886911653,0.0014334530055606115,mcc
0.9802517602971946,0.0010584274094731906,f1
