mean,std,score
0.9425396132455338,0.001574572283829653,accuracy
0.9190897055732993,0.0012817413339693137,balanced_accuracy
0.7414159407165992,0.0074126451344968475,precision
0.8868801440727637,0.002547575852558095,recall
0.9190897055732993,0.0012817413339693173,auc
0.7784792171465461,0.00465453221615525,mcc
0.8076253017630968,0.004199891489401725,f1
