mean,std,score
0.9113695977594034,0.0037706910107311157,accuracy
0.8850958105889919,0.0035072994077215416,balanced_accuracy
0.8424124979519345,0.009608881829146097,precision
0.8277554016727933,0.006401782673049514,recall
0.8850958105889919,0.0035072994077215264,auc
0.7744852444610311,0.007578086853362531,mcc
0.8349737792770021,0.004901112519586807,f1
