mean,std,score
0.8409402909692356,0.0016892882715093768,accuracy
0.6546167082344782,0.0057794706454426924,balanced_accuracy
0.4122102060793059,0.006622037946939098,precision
0.39869213020866834,0.012581809900043615,recall
0.6546167082344782,0.005779470645442688,auc
0.3136039266177661,0.009459695015843426,mcc
0.40528123345456224,0.008979755172521305,f1
