mean,std,score
0.932487563367521,0.0018135680500108373,accuracy
0.9049979330010582,0.0024859902408906434,balanced_accuracy
0.7045844024615562,0.007194017979455723,precision
0.867239643888556,0.004530926478488225,recall
0.9049979330010581,0.0024859902408906503,auc
0.7437328454339809,0.0057344973555053455,mcc
0.7774742216519803,0.0050286714225855475,f1
