mean,std,score
0.8487419905846609,0.0023983321382998455,accuracy
0.6530664222491478,0.00717704476390003,balanced_accuracy
0.4362703752799013,0.00927080138717486,precision
0.38429652324124997,0.016231157752611337,recall
0.6530664222491479,0.007177044763900018,auc
0.3231273199877336,0.011612291799698825,mcc
0.4084819341553233,0.011442288027855902,f1
