mean,std,score
0.8766188059617743,0.0018947210462739498,accuracy
0.8529889098062948,0.0031183783185865497,balanced_accuracy
0.8427827330629432,0.0033613624684934655,precision
0.7801985929478377,0.007549645077229129,recall
0.8529889098062947,0.0031183783185865506,auc
0.7202501370746206,0.004585447736797279,mcc
0.8102550642819496,0.0036500667028603294,f1
