model,mean,std,rank,score
0,0.9113695977594034,0.0037706910107311157,1,accuracy
0,0.8850958105889919,0.0035072994077215416,1,balanced_accuracy
0,0.8424124979519345,0.009608881829146097,1,precision
0,0.8277554016727933,0.006401782673049514,1,recall
0,0.8850958105889919,0.0035072994077215264,1,auc
0,0.7744852444610311,0.007578086853362531,1,mcc
0,0.8349737792770021,0.004901112519586807,1,f1
