mean,std,score
0.7445790610676332,0.004571725171575637,accuracy
0.6232752649021984,0.00307571261764676,balanced_accuracy
0.2733439426489248,0.004554253030859902,precision
0.4519652869915908,0.0078789566170694,recall
0.6232752649021983,0.0030757126176467584,auc
0.20345598900785836,0.005400950540336418,mcc
0.340609921612349,0.004047353557730972,f1
