mean,std,score
0.8199123615187691,0.0033983963279798314,accuracy
0.8404139899269615,0.0022455654580868243,balanced_accuracy
0.44078173477196425,0.005218429260440223,precision
0.8693671791860849,0.0033459960429396514,recall
0.8404139899269615,0.0022455654580868364,auc
0.5309084449710435,0.00500335799290431,mcc
0.5849517708481737,0.004548090952513567,f1
