mean,std,score
0.8163986155904425,0.0022552269108192338,accuracy
0.816243500873784,0.0022416997122523537,balanced_accuracy
0.8116521244349615,0.003083038675582215,precision
0.8105755418087645,0.00296673748497326,recall
0.816243500873784,0.0022416997122523654,auc
0.6325172144617153,0.0045001455498965585,mcc
0.8111084206363028,0.002251006061890349,f1
