mean,std,score
0.8499352537237176,0.0025388968977409277,accuracy
0.8474996878853107,0.0026299750745887186,balanced_accuracy
0.828703763706929,0.0034032477536038025,precision
0.82802952841623,0.004279957298873395,recall
0.8474996878853107,0.0026299750745887,auc
0.6950598898986512,0.0051116411827962695,mcc
0.8283591816374107,0.002856824897482104,f1
