mean,std,score
0.8383662238216056,0.005686824623029285,accuracy
0.854764140963064,0.0030023550780739045,balanced_accuracy
0.4713873414150858,0.009921018508264724,precision
0.8779219107288438,0.002432943058463527,recall
0.854764140963064,0.0030023550780739123,auc
0.563101229048377,0.008564844478625624,mcc
0.6133420984686335,0.008117038948851291,f1
