mean,std,score
0.7320945718810468,0.002601502973620372,accuracy
0.6251905378529317,0.004641994403785124,balanced_accuracy
0.2658181646943735,0.004366269196916681,precision
0.4742165425122014,0.008843834682365888,recall
0.6251905378529317,0.00464199440378511,auc
0.20143883098660653,0.007366345015424976,mcc
0.3406666351588207,0.005646287463538784,f1
