model,mean,std,score
0,0.978018239140046,0.0008944579996650546,accuracy
0,0.9795081515881254,0.0008266409039189856,balanced_accuracy
0,0.9596764376594169,0.0016495826419712233,precision
0,0.9913943990965673,0.00037430868317481317,recall
0,0.9795081515881254,0.0008266409039189447,auc
0,0.9559088290938348,0.0017725644241019774,mcc
0,0.975277142717197,0.0009972146757434846,f1
