mean,std,score
0.8915359291741329,0.0016312758404484012,accuracy
0.8886519757965257,0.001902485532772095,balanced_accuracy
0.859081670727085,0.0015393237353827677,precision
0.873862229353324,0.003498783911817245,recall
0.8886519757965258,0.001902485532772093,auc
0.7752072653603932,0.0034574331224160493,mcc
0.8664063812651032,0.0021605074269707373,f1
