mean,std,score
0.792514981367044,0.002763367698060873,accuracy
0.6463280334708656,0.0027853478848207987,balanced_accuracy
0.28727537880861337,0.004501399859921911,precision
0.45177968999941254,0.004464898055010521,recall
0.6463280334708655,0.0027853478848207974,auc
0.24348294374190382,0.005286395229314934,mcc
0.3512037104349164,0.004221508927090935,f1
