mean,std,score
0.7784163754509543,0.0035292205525151036,accuracy
0.6486222344379007,0.0031530408439489678,balanced_accuracy
0.27441705093767643,0.00420789978664798,precision
0.475889750282276,0.0076054838597794695,recall
0.6486222344379007,0.003153040843949029,auc
0.2384976894441892,0.0051665098565397685,mcc
0.34806771147158666,0.004104511667144389,f1
