mean,std,score
0.9772497422705116,0.0005836470898887044,accuracy
0.9808344187579839,0.00045263252057206875,balanced_accuracy
0.9437367948791884,0.0015335562497646872,precision
0.9919336459510211,0.00022035153296128842,recall
0.9808344187579839,0.0004526325205720367,auc
0.9505187269845914,0.0012254311748191764,mcc
0.9672345431257025,0.0008150519227880096,f1
