mean,std,score
0.8903441900281438,0.001770954008810687,accuracy
0.8804807632350075,0.0020513123478323584,balanced_accuracy
0.8301821013240162,0.003126325563325858,precision
0.8499407057006765,0.0036130298415455574,recall
0.8804807632350075,0.00205131234783238,auc
0.7566903516550124,0.003934851086786805,mcc
0.8399397545405319,0.0026016485985842124,f1
