mean,std,score
0.8690449337688808,0.002365883325413976,accuracy
0.8626748634590935,0.0025328862882135605,balanced_accuracy
0.48483377534031447,0.005286484383065858,precision
0.8541974486343463,0.003872356571643583,recall
0.8626748634590936,0.0025328862882135444,auc
0.5786526841304189,0.005371219975175649,mcc
0.6185583785684455,0.00482163597422328,f1
