model,mean,std,score
0,0.977848889555651,0.0007279633626860306,accuracy
0,0.9790993835938013,0.0006780814689680964,balanced_accuracy
0,0.9604842132343334,0.0014450808442659278,precision
0,0.9855128656092154,0.0007051981372557004,recall
0,0.9790993835938013,0.0006780814689680587,auc
0,0.9543673641949321,0.0014845182384838058,mcc
0,0.9728370960992554,0.0008829868528485036,f1
