,model_0_accuracy,model_0_balanced_accuracy,model_0_precision,model_0_recall,model_0_auc,model_0_mcc,model_0_f1,model_1_accuracy,model_1_balanced_accuracy,model_1_precision,model_1_recall,model_1_auc,model_1_mcc,model_1_f1,model_2_accuracy,model_2_balanced_accuracy,model_2_precision,model_2_recall,model_2_auc,model_2_mcc,model_2_f1,model_3_accuracy,model_3_balanced_accuracy,model_3_precision,model_3_recall,model_3_auc,model_3_mcc,model_3_f1,model_4_accuracy,model_4_balanced_accuracy,model_4_precision,model_4_recall,model_4_auc,model_4_mcc,model_4_f1,model_5_accuracy,model_5_balanced_accuracy,model_5_precision,model_5_recall,model_5_auc,model_5_mcc,model_5_f1,model_6_accuracy,model_6_balanced_accuracy,model_6_precision,model_6_recall,model_6_auc,model_6_mcc,model_6_f1,model_7_accuracy,model_7_balanced_accuracy,model_7_precision,model_7_recall,model_7_auc,model_7_mcc,model_7_f1,model_8_accuracy,model_8_balanced_accuracy,model_8_precision,model_8_recall,model_8_auc,model_8_mcc,model_8_f1,model_9_accuracy,model_9_balanced_accuracy,model_9_precision,model_9_recall,model_9_auc,model_9_mcc,model_9_f1
0,0.8700238176250426,0.8671871265117903,0.9174494081710577,0.8005241765319948,0.8671871265117903,0.7438518780258069,0.8550078284385824,0.8707468526709765,0.8679694927980772,0.9169563342044503,0.802700841791973,0.8679694927980772,0.7450966409858629,0.8560329717182245,0.8710339401156856,0.8683028821475041,0.916232221491117,0.8041223374719588,0.8683028821475042,0.7455073928516467,0.8565243621136307,0.8694177441306566,0.8665541167167967,0.9173294585500152,0.7992581569420074,0.8665541167167966,0.7427223864051635,0.8542331841758555,0.8690455937393672,0.8661563609230357,0.9174686646414623,0.7982586677920174,0.8661563609230357,0.7420649380158846,0.8537222670910732,0.8698005273902688,0.8669575386042986,0.9173202281523732,0.8001465917419985,0.8669575386042986,0.7434215718036359,0.854736342606323,0.8708957128274923,0.8681394737980994,0.9166476595960364,0.8033671678919664,0.8681394737980994,0.7453200290253437,0.8562770767737506,0.8692157196325281,0.8664709379713829,0.9143095895267276,0.8019678830819803,0.8664709379713829,0.7418587873796714,0.8544619826300968,0.8703853351480095,0.8675221031285919,0.918521351179095,0.8002354352219977,0.867522103128592,0.7446918486894805,0.855308137878644,0.8699812861517523,0.8671599293524439,0.9170375645362293,0.8008573395819915,0.867159929352444,0.7437060269252829,0.8550188518175997
