,model_0_accuracy,model_0_balanced_accuracy,model_0_precision,model_0_recall,model_0_auc,model_0_mcc,model_0_f1,model_1_accuracy,model_1_balanced_accuracy,model_1_precision,model_1_recall,model_1_auc,model_1_mcc,model_1_f1,model_2_accuracy,model_2_balanced_accuracy,model_2_precision,model_2_recall,model_2_auc,model_2_mcc,model_2_f1,model_3_accuracy,model_3_balanced_accuracy,model_3_precision,model_3_recall,model_3_auc,model_3_mcc,model_3_f1,model_4_accuracy,model_4_balanced_accuracy,model_4_precision,model_4_recall,model_4_auc,model_4_mcc,model_4_f1,model_5_accuracy,model_5_balanced_accuracy,model_5_precision,model_5_recall,model_5_auc,model_5_mcc,model_5_f1,model_6_accuracy,model_6_balanced_accuracy,model_6_precision,model_6_recall,model_6_auc,model_6_mcc,model_6_f1,model_7_accuracy,model_7_balanced_accuracy,model_7_precision,model_7_recall,model_7_auc,model_7_mcc,model_7_f1,model_8_accuracy,model_8_balanced_accuracy,model_8_precision,model_8_recall,model_8_auc,model_8_mcc,model_8_f1,model_9_accuracy,model_9_balanced_accuracy,model_9_precision,model_9_recall,model_9_auc,model_9_mcc,model_9_f1
0,0.8660895828809444,0.8663599103361308,0.8525108113978792,0.8762330018266694,0.8663599103361308,0.7324451542393552,0.8642091461400646,0.8675997394239691,0.8678428021990168,0.8547570049073927,0.8767201136594276,0.8678428021990165,0.7354118874725948,0.8655992625693846,0.8678464970290385,0.8681165198665561,0.8543102597017873,0.8779784858940531,0.8681165198665561,0.7359570890340991,0.8659826835493719,0.866592968395286,0.8668628621482903,0.8530352699553695,0.8767201136594276,0.8668628621482904,0.7334506957974337,0.8647155382952316,0.8686558619736661,0.8688972830081155,0.8558790349714014,0.8777146336513091,0.8688972830081154,0.7375203890634662,0.8666593184163852,0.8666620605247054,0.8669268674893862,0.8532369268456509,0.8765983357012381,0.8669268674893863,0.7335788132947006,0.8647598834706525,0.8670568726928164,0.867286816855114,0.8545425736298996,0.8756850010148163,0.8672868168551139,0.7343022739123707,0.8649846129171302,0.8660599719683361,0.8663608384980082,0.851696418016314,0.8773492997767404,0.8663608384980083,0.732448316134232,0.8643325601855555,0.866504135657461,0.8668083104089049,0.8520634295282182,0.8779175969149584,0.8668083104089049,0.733343248289607,0.8647973209376718,0.8654874943245751,0.8657289724107704,0.8526397023903752,0.8745484067383803,0.8657289724107703,0.7311858008261338,0.8634551028996252
