,model_0_accuracy,model_0_balanced_accuracy,model_0_precision,model_0_recall,model_0_auc,model_0_mcc,model_0_f1,model_1_accuracy,model_1_balanced_accuracy,model_1_precision,model_1_recall,model_1_auc,model_1_mcc,model_1_f1,model_2_accuracy,model_2_balanced_accuracy,model_2_precision,model_2_recall,model_2_auc,model_2_mcc,model_2_f1,model_3_accuracy,model_3_balanced_accuracy,model_3_precision,model_3_recall,model_3_auc,model_3_mcc,model_3_f1,model_4_accuracy,model_4_balanced_accuracy,model_4_precision,model_4_recall,model_4_auc,model_4_mcc,model_4_f1,model_5_accuracy,model_5_balanced_accuracy,model_5_precision,model_5_recall,model_5_auc,model_5_mcc,model_5_f1,model_6_accuracy,model_6_balanced_accuracy,model_6_precision,model_6_recall,model_6_auc,model_6_mcc,model_6_f1,model_7_accuracy,model_7_balanced_accuracy,model_7_precision,model_7_recall,model_7_auc,model_7_mcc,model_7_f1
0,0.8633393927395115,0.8741883256334899,0.7445272980987266,0.9077786048490004,0.8741883256334899,0.7193083242768487,0.8180881648298993,0.8631324130235237,0.8742071071771234,0.7438671339326528,0.9084963845172267,0.8742071071771234,0.7191657508844801,0.8179805402300226,0.8638793398246972,0.8746418859339462,0.745427561220481,0.9079646958740961,0.8746418859339462,0.7202878217069526,0.8187070019416545,0.8649862313493277,0.8758290150430346,0.7468506429709845,0.9094002552105487,0.8758290150430346,0.7226055230711474,0.8201488869442214,0.8628354421266716,0.8740085959064815,0.7432908529424558,0.9086027222458528,0.8740085959064815,0.718689789434874,0.8176750639967464,0.8626014650564244,0.8733449858252817,0.7436652274412316,0.9066088898341131,0.8733449858252817,0.7177011145364066,0.8170927474423174,0.8644912798545743,0.8758313188390898,0.7453343193979206,0.9109421522756274,0.8758313188390897,0.722210794081649,0.8198588347888504,0.8637623512895736,0.874722199085407,0.7449382124098249,0.9086558911101659,0.874722199085407,0.7202903030131311,0.8186924394304124
