mean,std,score
0.5707237662222255,0.024401988782282478,accuracy
0.560891534698321,0.005409525861618623,balanced_accuracy
0.13721512854165108,0.005683370722032834,precision
0.5483997276621082,0.03015646015483832,recall
0.560891534698321,0.005409525861618623,auc
0.07696003704310676,0.007650514014119947,mcc
0.21935450797193917,0.00786489807872458,f1
