mean,std,score
0.5682553846969202,0.1686263354360988,accuracy
0.5197439165428783,0.04309709370566572,balanced_accuracy
0.166722115060784,0.07001431561826094,precision
0.46216236294196344,0.30690310641375046,recall
0.5197439165428783,0.043097093705665696,auc
0.02670233124491263,0.050326097011191694,mcc
0.21519488969590755,0.10216549548160987,f1
