mean,std,score
0.7040716552054425,0.009008394129212807,accuracy
0.6591281822660423,0.003699365695408494,balanced_accuracy
0.2556406911409129,0.01027409382279026,precision
0.5971226270497387,0.011392439574416454,recall
0.6591281822660423,0.003699365695408493,auc
0.23491171110983305,0.007293380999826277,mcc
0.35789573371680466,0.010920044353429421,f1
