mean,std,score
0.6118239280277465,0.18071924259475264,accuracy
0.5970889858092183,0.1711931906180976,balanced_accuracy
0.5143390844368301,0.2228557193929606,precision
0.5475035308300595,0.21573328651134646,recall
,,auc
0.2545609439649868,0.20570598210334884,mcc
0.5233725888921457,0.20875956929916514,f1
