mean,std,score
0.3913779214988223,0.27047684775864234,accuracy
0.5048608626827424,0.017822070954146122,balanced_accuracy
0.1338379554984539,0.06995923312893611,precision
0.6697205616777693,0.3555647163868199,recall
0.5048608626827423,0.017822070954146122,auc
0.006213797532942475,0.032595737272180465,mcc
0.20527103182910014,0.11024529325388159,f1
