mean,std,score
0.8634078356160539,0.0075403756153916545,accuracy
0.8761414701529655,0.007595383859636964,balanced_accuracy
0.7344711512946207,0.02259942665480636,precision
0.9128381636692897,0.009859151390175949,recall
0.8761414701529655,0.007595383859636945,auc
0.7182438332187184,0.015479646181062286,mcc
0.8137576033314419,0.013829886629041228,f1
