mean,std,score
0.868098674934661,0.004790564612052555,accuracy
0.8729599350659908,0.004556134933787268,balanced_accuracy
0.7870504564550687,0.009577038092188258,precision
0.8930573923212444,0.006058048040220337,recall
0.8729599350659908,0.004556134933787309,auc
0.7308182035634704,0.008703176564922553,mcc
0.8366711996289156,0.005807940708072168,f1
