mean,std,score
0.6541027612928547,0.2395512787050801,accuracy
0.6869043208674228,0.12769200466285288,balanced_accuracy
0.6008098236088977,0.25233806948985466,precision
0.8362111128789684,0.1595313726700185,recall
0.6869043208674228,0.1276920046628529,auc
0.39766095215008435,0.22647608277814937,mcc
0.6401709514453526,0.2505727546370444,f1
