mean,std,score
0.6242374480641926,0.19588189296314953,accuracy
0.5270625698252058,0.031565258310109194,balanced_accuracy
0.13441313302882205,0.0811095078768187,precision
0.3860809289572863,0.22730941057393778,recall
0.5270625698252058,0.031565258310109194,auc
0.02761914583010078,0.03434374377157362,mcc
0.16242513252600865,0.06537820273921581,f1
