mean,std,score
0.7955185054115996,0.08970173954691775,accuracy
0.7868296746293462,0.0997422822405862,balanced_accuracy
0.7155850986574346,0.10331316926556168,precision
0.8648959151595028,0.047815956833777845,recall
0.7868296746293462,0.09974228224058622,auc
0.5617596329242747,0.16362275281843894,mcc
0.7773346754850101,0.053790255446830214,f1
