model,mean,std,rank,score
0,0.7955185054115996,0.08970173954691775,1,accuracy
0,0.7868296746293462,0.0997422822405862,1,balanced_accuracy
0,0.7155850986574346,0.10331316926556168,1,precision
0,0.8648959151595028,0.047815956833777845,1,recall
0,0.7868296746293462,0.09974228224058622,1,auc
0,0.5617596329242747,0.16362275281843894,1,mcc
0,0.7773346754850101,0.053790255446830214,1,f1
