mean,std,score
0.8246494098382264,0.0019193301150366125,accuracy
0.6314086222491289,0.003872399138183391,balanced_accuracy
0.43277216616057,0.00702539347658491,precision
0.34872994291095616,0.008556217790033096,recall
0.6314086222491289,0.0038723991381833874,auc
0.28757258440315414,0.007268964901961594,mcc
0.3861792914726532,0.0068294912547410035,f1
