mean,std,score
0.8440913805865152,0.003924572782268396,accuracy
0.8337804111194649,0.004333021421286759,balanced_accuracy
0.8558548576693653,0.005134108736583935,precision
0.8877327729250675,0.0031325669716268014,recall
0.833780411119465,0.004333021421286709,auc
0.6742203579031987,0.008031081590419556,mcc
0.8714950303615957,0.0033858401583182693,f1
