mean,std,score
0.9294043625778242,0.001622161029501021,accuracy
0.894407850018266,0.001996686362247976,balanced_accuracy
0.7444898217537235,0.006294923919770471,precision
0.84321384818468,0.0034344624032574423,recall
0.894407850018266,0.0019966863622480104,auc
0.7506150077736308,0.004928670010677919,mcc
0.7907680162669639,0.004137162412301617,f1
