mean,std,score
0.8192704359074167,0.003046168388854122,accuracy
0.8041860965742573,0.003259053116714128,balanced_accuracy
0.8384721926836349,0.0027725790488260637,precision
0.8721916752402349,0.003283367295719776,recall
0.8041860965742575,0.0032590531167141145,auc
0.6162802764354095,0.006498613797676869,mcc
0.8549959976840663,0.002463174565141311,f1
