mean,std,score
0.9823329520544363,0.0009261028722306561,accuracy
0.9787686432977741,0.0011149652996686992,balanced_accuracy
0.9766776985178776,0.0012259361651996107,precision
0.99483782981809,0.0003983710482040288,recall
0.9787686432977741,0.0011149652996687038,auc
0.9629178223053909,0.0019397818716350764,mcc
0.9856738244198329,0.0007439634142411749,f1
