mean,std,score
0.8200479211221752,0.001958042379785849,accuracy
0.6344843269311544,0.003627372887015172,balanced_accuracy
0.4204138343373102,0.006725790960866375,precision
0.3630361141797691,0.007539727831563985,recall
0.6344843269311544,0.0036273728870151473,auc
0.28580092562659365,0.007080321280648805,mcc
0.38959070047382377,0.006340347425999208,f1
