model,mean,std,score
0,0.9861786110606889,0.0005619748109560956,accuracy
0,0.9837023618911079,0.0006686714455826425,balanced_accuracy
0,0.9804555090599918,0.0008428598825264917,precision
0,0.9966603975415225,0.00023350100703600513,recall
0,0.9837023618911079,0.000668671445582667,auc
0,0.9714016609709717,0.0011558464886925704,mcc
0,0.9884913862226801,0.00046608748216292754,f1
