mean,std,score
0.4071539909184302,0.10887194696442554,accuracy
0.5002708845594812,0.025420628010135896,balanced_accuracy
0.1535554974517134,0.06232641627154444,precision
0.6271018036590773,0.13800091125469613,recall
0.5002708845594811,0.025420628010135893,auc
0.004728701316777726,0.033821690035797464,mcc
0.23838309086098927,0.08167020549319066,f1
