mean,std,score
0.5165257132977845,0.027335947258109006,accuracy
0.5435778998277395,0.002173091696179083,balanced_accuracy
0.17396998196472827,0.008275939553631621,precision
0.5831030262552603,0.04156193964843444,recall
0.5435778998277395,0.002173091696179085,auc
0.06280938238024553,0.004147754261243812,mcc
0.2678354945362752,0.012836832299388961,f1
