mean,std,score
0.6388415399850584,0.015551285965414118,accuracy
0.6699398855677738,0.00990772913695488,balanced_accuracy
0.30378197410897523,0.013663832514095451,precision
0.7193879967222042,0.016025976318976298,recall
0.6699398855677738,0.009907729136954872,auc
0.26670961542026217,0.014185366099182627,mcc
0.426810913919518,0.011505974309130093,f1
