mean,std,score
0.5909111316794171,0.1528101363692121,accuracy
0.6039174543627905,0.0811546913209652,balanced_accuracy
0.612115408377796,0.23042357685044648,precision
0.6527513542751535,0.10513647245396503,recall
0.6039174543627905,0.08115469132096521,auc
0.20690067805264642,0.14809959256192512,mcc
0.5984755474878134,0.19530304834440312,f1
