mean,std,score
0.4686185586417116,0.11624853250895982,accuracy
0.48624175521008367,0.027912893875229515,balanced_accuracy
0.18455969912911635,0.06232936460977674,precision
0.5012751661488137,0.13351622326020857,recall
0.48624175521008367,0.027912893875229494,auc
-0.020981456077376726,0.04400729133413583,mcc
0.2567837387293862,0.06734261418158058,f1
